32,Mike Scott\scottmi01,PF,6-8,237,July 16 1988,us,4,University of Virginia
17,Dennis Schroder\schrode01,PG,6-1,172,September 15 1993,de,3,
10,Tim Hardaway\hardati02,SG,6-6,205,March 16 1992,us,3,University of Michigan
25,Thabo Sefolosha\sefolth01,SF,6-7,220,May 2 1984,ch,10,
26,Kyle Korver\korveky01,SG,6-7,212,March 17 1981,us,13,Creighton University
11,Tiago Splitter\splitti01,C,6-11,245,January 1 1985,br,6,
31,Mike Muscala\muscami01,C,6-11,240,July 1 1991,us,3,Bucknell University
4,Paul Millsap\millspa01,PF,6-8,246,February 10 1985,us,10,Louisiana Tech University
24,Kent Bazemore\bazemke01,SF,6-5,201,July 1 1989,us,4,Old Dominion University
8,Dwight Howard\howardw01,C,6-11,265,December 8 1985,us,12,
5,Malcolm Delaney\delanma01,PG,6-3,190,March 11 1989,us,R,Virginia Polytechnic Institute and State University
12,Taurean Prince\princta02,SF,6-8,220,March 22 1994,us,R,Baylor University
95,DeAndre' Bembry\bembrde01,SF,6-6,210,July 4 1994,us,R,Saint Joseph's University
43,Kris Humphries\humphkr01,PF,6-9,235,February 6 1985,us,12,University of Minnesota
30,Ryan Kelly\kellyry01,PF,6-11,230,April 9 1991,us,3,Duke University

14,Michael Kidd-Gilchrist\kiddgmi01,SF,6-7,232,September 26 1993,us,4,University of Kentucky
15,Kemba Walker\walkeke02,PG,6-1,172,May 8 1990,us,5,University of Connecticut
40,Cody Zeller\zelleco01,PF,7-0,240,October 5 1992,us,3,Indiana University
3,Jeremy Lamb\lambje01,SG,6-5,185,May 30 1992,us,4,University of Connecticut
00,Spencer Hawes\hawessp01,PF,7-1,245,April 28 1988,us,9,University of Washington
44,Frank Kaminsky\kaminfr01,C,7-0,242,April 4 1993,us,1,University of Wisconsin
21,Marco Belinelli\belinma01,SG,6-5,210,March 25 1986,it,9,
9,Aaron Harrison\harriaa01,SG,6-6,210,October 28 1994,us,1,University of Kentucky
5,Nicolas Batum\batumni01,SG,6-8,200,December 14 1988,fr,8,
7,Ramon Sessions\sessira01,PG,6-3,190,April 11 1986,us,9,University of Nevada Reno
55,Roy Hibbert\hibbero01,C,7-2,270,December 11 1986,us,8,Georgetown University
2,Marvin Williams\willima02,PF,6-9,237,June 19 1986,us,11,University of North Carolina
22,Brian Roberts\roberbr01,PG,6-1,173,December 3 1985,us,4,University of Dayton
35,Christian Wood\woodch01,PF,6-11,220,September 27 1995,us,1,University of Nevada Las Vegas
12,Treveon Graham\grahatr01,SG,6-6,220,October 29 1993,us,R,Virginia Commonwealth University

20,Jodie Meeks\meeksjo01,SG,6-4,210,August 21 1987,us,7,University of Kentucky
7,Serge Ibaka\ibakase01,PF,6-10,235,September 18 1989,cg,7,
23,C.J. Wilcox\wilcocj01,SG,6-5,195,December 30 1990,us,2,University of Washington
00,Aaron Gordon\gordoaa01,SF,6-9,220,September 16 1995,us,2,University of Arizona
4,Elfrid Payton\paytoel01,PG,6-4,185,February 22 1994,us,2,University of Louisiana at Lafayette
8,Mario Hezonja\hezonma01,SF,6-8,215,February 25 1995,hr,1,
32,C.J. Watson\watsocj01,PG,6-2,175,April 17 1984,us,9,University of Tennessee
9,Nikola Vucevic\vucevni01,C,7-0,260,October 24 1990,ch,5,University of Southern California
11,Bismack Biyombo\biyombi01,C,6-9,255,August 28 1992,cd,5,
34,Jeff Green\greenje02,SF,6-9,235,August 28 1986,us,8,Georgetown University
14,D.J. Augustin\augusdj01,PG,6-0,183,November 10 1987,us,8,University of Texas at Austin
10,Evan Fournier\fournev01,SG,6-7,205,October 29 1992,fr,4,
33,Stephen Zimmerman\zimmest01,C,7-0,240,September 9 1996,us,R,University of Nevada Las Vegas
21,Arinze Onuaku\onuakar01,C,6-9,255,July 13 1987,us,2,Syracuse University
3,Damjan Rudez\rudezda01,SF,6-10,228,June 17 1986,hr,2,

1,Chris Bosh\boshch01,PF,6-11,235,March 24 1984,us,13,Georgia Institute of Technology
4,Josh McRoberts\mcrobjo01,PF,6-10,240,February 28 1987,us,9,Duke University
20,Justise Winslow\winslju01,SF,6-7,225,March 26 1996,us,1,Duke University
7,Goran Dragic\dragigo01,PG,6-3,190,May 6 1986,si,8,
5,Luke Babbitt\babbilu01,SF,6-9,225,June 20 1989,us,6,University of Nevada Reno
0,Josh Richardson\richajo01,SG,6-6,200,September 15 1993,us,1,University of Tennessee
8,Tyler Johnson\johnsty01,SG,6-4,186,May 7 1992,us,2,California State University Fresno
21,Hassan Whiteside\whiteha01,C,7-0,265,June 13 1989,us,4,Marshall University
2,Wayne Ellington\ellinwa01,SG,6-4,200,October 29 1987,us,7,University of North Carolina
22,Derrick Williams\willide02,SF,6-8,240,May 25 1991,us,5,University of Arizona
40,Udonis Haslem\hasleud01,PF,6-8,235,June 9 1980,us,13,University of Florida
16,James Johnson\johnsja01,PF,6-9,250,February 20 1987,us,7,Wake Forest University
35,Willie Reed\reedwi02,PF,6-10,220,May 16 1990,us,1,Saint Louis University
17,Rodney McGruder\mcgruro01,SG,6-4,205,July 29 1991,us,R,Kansas State University
11,Dion Waiters\waitedi01,SG,6-4,225,December 10 1991,us,4,Syracuse University

33,Trey Burke\burketr01,PG,6-1,191,November 12 1992,us,3,University of Michigan
13,Marcin Gortat\gortama01,C,6-11,240,February 17 1984,pl,9,
5,Markieff Morris\morrima02,PF,6-10,245,September 2 1989,us,5,University of Kansas
2,John Wall\walljo01,PG,6-4,195,September 6 1990,us,6,University of Kentucky
22,Otto Porter\porteot01,SF,6-8,198,June 3 1993,us,3,Georgetown University
12,Kelly Oubre Jr.\oubreke01,SF,6-7,205,December 9 1995,us,1,University of Kansas
28,Ian Mahinmi\mahinia01,C,6-11,250,November 5 1986,fr,8,
44,Andrew Nicholson\nichoan01,PF,6-9,250,December 8 1989,ca,4,St. Bonaventure University
14,Jason Smith\smithja02,C,7-0,245,March 2 1986,us,8,Colorado State University
32,Daniel Ochefu\ochefda01,C,6-11,245,December 15 1993,us,R,Villanova University
31,Tomas Satoransky\satorto01,SG,6-7,210,October 30 1991,cz,R,
3,Bradley Beal\bealbr01,SG,6-5,207,June 28 1993,us,4,University of Florida
15,Marcus Thornton\thornma01,SG,6-4,205,June 5 1987,us,7,Louisiana State University
9,Sheldon McClellan\mcclesh01,SG,6-5,200,December 21 1992,us,R,University of Miami
4,Danuel House\houseda01,SG,6-7,207,June 7 1993,us,R,Texas A&M University

92,Lucas Nogueira\noguelu01,C,7-0,241,July 26 1992,br,2,
54,Patrick Patterson\pattepa01,PF,6-9,230,March 14 1989,us,6,University of Kentucky
7,Kyle Lowry\lowryky01,PG,6-1,196,March 25 1986,us,10,Villanova University
17,Jonas Valanciunas\valanjo01,C,7-0,265,May 6 1992,lt,4,
31,Terrence Ross\rosste01,SF,6-7,206,February 5 1991,us,4,University of Washington
20,Bruno Caboclo\cabocbr01,SF,6-9,218,September 21 1995,br,2,
55,Delon Wright\wrighde01,PG,6-5,183,April 26 1992,us,1,University of Utah
5,DeMarre Carroll\carrode01,SF,6-8,215,July 27 1986,us,7,University of Missouri
6,Cory Joseph\josepco01,SG,6-3,193,August 20 1991,ca,5,University of Texas at Austin
24,Norman Powell\powelno01,SG,6-4,215,May 25 1993,us,1,University of California Los Angeles
10,DeMar DeRozan\derozde01,SG,6-7,221,August 7 1989,us,7,University of Southern California
0,Jared Sullinger\sullija01,PF,6-9,260,March 4 1992,us,4,Ohio State University
42,Jakob Poeltl\poeltja01,C,7-0,248,October 15 1995,at,R,University of Utah
43,Pascal Siakam\siakapa01,PF,6-9,230,February 4 1994,cm,R,New Mexico State University
23,Fred VanVleet\vanvlfr01,PG,6-0,195,February 25 1994,us,R,Wichita State University

0,Avery Bradley\bradlav01,SG,6-2,180,November 26 1990,us,6,University of Texas at Austin
41,Kelly Olynyk\olynyke01,C,7-0,238,April 19 1991,ca,3,Gonzaga University
4,Isaiah Thomas\thomais02,PG,5-9,185,February 7 1989,us,5,University of Washington
36,Marcus Smart\smartma01,PG,6-4,220,March 6 1994,us,2,Oklahoma State University
13,James Young\youngja01,SG,6-6,215,August 16 1995,us,2,University of Kentucky
12,Terry Rozier\roziete01,PG,6-2,190,March 17 1994,us,1,University of Louisville
99,Jae Crowder\crowdja01,SF,6-6,235,July 6 1990,us,4,Marquette University
8,Jonas Jerebko\jerebjo01,PF,6-10,231,March 2 1987,se,6,
90,Amir Johnson\johnsam01,PF,6-9,240,May 1 1987,us,11,
55,Jordan Mickey\mickejo01,PF,6-8,235,July 9 1994,us,1,Louisiana State University
42,Al Horford\horfoal01,C,6-10,245,June 3 1986,do,9,University of Florida
7,Jaylen Brown\brownja02,SF,6-7,225,October 24 1996,us,R,University of California
9,Demetrius Jackson\jacksde01,PG,6-1,201,September 7 1994,us,R,University of Notre Dame
30,Gerald Green\greenge01,SG,6-7,205,January 26 1986,us,9,
44,Tyler Zeller\zellety01,C,7-0,253,January 17 1990,us,4,University of North Carolina

25,Derrick Rose\rosede01,PG,6-3,190,October 4 1988,us,7,University of Memphis
7,Carmelo Anthony\anthoca01,SF,6-8,240,May 29 1984,us,13,Syracuse University
6,Kristaps Porzingis\porzikr01,PF,7-3,240,August 2 1995,lv,1,
9,Kyle O'Quinn\oquinky01,PF,6-10,250,March 26 1990,us,4,Norfolk State University
8,Justin Holiday\holidju01,SG,6-6,185,April 5 1989,us,3,University of Washington
91,Mindaugas Kuzminskas\kuzmimi01,SF,6-9,215,October 19 1989,lt,R,
40,Marshall Plumlee\plumlma02,C,7-0,250,July 14 1992,us,R,Duke University
13,Joakim Noah\noahjo01,C,6-11,230,February 25 1985,us,9,University of Florida
5,Courtney Lee\leeco01,SG,6-5,200,October 3 1985,us,8,Western Kentucky University
42,Lance Thomas\thomala01,PF,6-8,235,April 24 1988,us,5,Duke University
3,Brandon Jennings\jennibr01,PG,6-1,170,September 23 1989,us,7,
18,Sasha Vujacic\vujacsa01,SG,6-7,195,March 8 1984,si,9,
2,Maurice Ndour\ndourma01,PF,6-9,200,June 18 1992,sn,R,Ohio University
14,Willy Hernangomez\hernawi01,C,6-11,240,May 27 1994,es,R,
31,Ron Baker\bakerro01,SG,6-4,220,March 30 1993,us,R,Wichita State University

44,Bojan Bogdanovic\bogdabo02,SF,6-8,216,April 18 1989,ba,2,
24,Rondae Hollis-Jefferson\holliro01,SF,6-7,220,January 3 1995,us,1,University of Arizona
1,Chris McCullough\mcculch01,PF,6-11,200,February 5 1995,us,1,Syracuse University
11,Brook Lopez\lopezbr01,C,7-0,275,April 1 1988,us,8,Stanford University
6,Sean Kilpatrick\kilpase01,SG,6-4,210,January 6 1990,us,2,University of Cincinnati
7,Jeremy Lin\linje01,PG,6-3,200,August 23 1988,us,6,Harvard University
35,Trevor Booker\booketr01,PF,6-8,228,November 25 1987,us,6,Clemson University
15,Isaiah Whitehead\whiteis01,PG,6-4,213,March 8 1995,us,R,Seton Hall University
4,Luis Scola\scolalu01,PF,6-9,240,April 30 1980,ar,9,
41,Justin Hamilton\hamilju01,C,7-0,260,April 1 1990,us,2,Louisiana State University
2,Randy Foye\foyera01,SG,6-4,213,September 24 1983,us,10,Villanova University
22,Caris LeVert\leverca01,G,6-7,203,August 25 1994,us,R,University of Michigan
13,Anthony Bennett\bennean01,PF,6-8,245,March 14 1993,ca,3,University of Nevada Las Vegas
12,Joe Harris\harrijo01,SG,6-6,219,September 7 1991,us,2,University of Virginia
10,Yogi Ferrell\ferreyo01,PG,6-0,180,May 9 1993,us,R,Indiana University

7,Ersan Ilyasova\ilyaser01,PF,6-10,235,May 15 1987,tr,8,
4,Nerlens Noel\noelne01,C,6-11,228,April 10 1994,us,2,University of Kentucky
31,Hollis Thompson\thompho01,SG,6-8,206,April 3 1991,us,3,Georgetown University
11,Nik Stauskas\stausni01,SG,6-6,205,October 7 1993,ca,2,University of Michigan
21,Joel Embiid\embiijo01,C,7-0,250,March 16 1994,cm,R,University of Kansas
33,Robert Covington\covinro01,SF,6-9,215,December 14 1990,us,3,Tennessee State University
8,Jahlil Okafor\okafoja01,C,6-11,275,December 15 1995,us,1,Duke University
22,Richaun Holmes\holmeri01,PF,6-10,245,October 15 1993,us,1,Bowling Green State University
1,T.J. McConnell\mccontj01,PG,6-2,200,March 25 1992,us,1,University of Arizona
12,Gerald Henderson\hendege02,SG,6-5,215,December 9 1987,us,7,Duke University
25,Ben Simmons\simmobe01,F,6-10,240,July 20 1996,au,R,Louisiana State University
20,Timothe Luwawu-Cabarrot\luwawti01,SF,6-6,205,May 9 1995,fr,R,
14,Sergio Rodriguez\rodrise01,PG,6-3,176,June 12 1986,es,4,
9,Dario Saric\saricda01,PF,6-10,223,April 8 1994,hr,R,
0,Jerryd Bayless\bayleje01,PG,6-3,200,August 20 1988,us,8,University of Arizona

2,Kyrie Irving\irvinky01,PG,6-3,193,March 23 1992,au,5,Duke University
8,Channing Frye\fryech01,C,6-11,255,May 17 1983,us,10,University of Arizona
3,Mike Dunleavy\dunlemi02,SF,6-9,230,September 15 1980,us,14,Duke University
0,Kevin Love\loveke01,PF,6-10,251,September 7 1988,us,8,University of California Los Angeles
4,Iman Shumpert\shumpim01,SG,6-5,220,June 26 1990,us,5,Georgia Institute of Technology
52,Mo Williams\willima01,PG,6-1,198,December 19 1982,us,13,University of Alabama
13,Tristan Thompson\thomptr01,C,6-9,238,March 13 1991,ca,5,University of Texas at Austin
12,Jordan McRae\mcraejo01,SG,6-6,185,March 28 1991,us,1,University of Tennessee
00,Chris Andersen\anderch01,C,6-10,245,July 7 1978,us,14,Blinn College
24,Richard Jefferson\jefferi01,SF,6-7,233,June 21 1980,us,15,University of Arizona
14,DeAndre Liggins\liggide01,SG,6-6,209,March 31 1988,us,3,University of Kentucky
1,James Jones\jonesja02,SF,6-8,218,October 4 1980,us,13,University of Miami
20,Kay Felder\feldeka01,PG,5-9,176,March 29 1995,us,R,Oakland University
23,LeBron James\jamesle01,SF,6-8,250,December 30 1984,us,13,
5,J.R. Smith\smithjr01,SG,6-6,225,September 9 1985,us,12,

22,Taj Gibson\gibsota01,PF,6-9,225,June 24 1985,us,7,University of Southern California
44,Nikola Mirotic\mirotni01,PF,6-10,220,February 11 1991,me,2,
7,Michael Carter-Williams\cartemi01,PG,6-6,190,October 10 1991,us,3,Syracuse University
11,Doug McDermott\mcderdo01,SF,6-8,225,January 3 1992,us,2,Creighton University
2,Jerian Grant\grantje02,PG,6-4,195,October 9 1992,us,1,University of Notre Dame
5,Bobby Portis\portibo01,PF,6-11,230,February 10 1995,us,1,University of Arkansas
21,Jimmy Butler\butleji01,SF,6-7,220,September 14 1989,us,5,Marquette University
8,Robin Lopez\lopezro01,C,7-0,255,April 1 1988,us,8,Stanford University
6,Cristiano Felicio\feliccr01,C,6-10,275,July 7 1992,br,1,
9,Rajon Rondo\rondora01,PG,6-1,186,February 22 1986,us,10,University of Kentucky
3,Dwyane Wade\wadedw01,SG,6-4,220,January 17 1982,us,13,Marquette University
45,Denzel Valentine\valende01,SG,6-6,212,November 16 1993,us,R,Michigan State University
16,Paul Zipser\zipsepa01,SF,6-8,215,February 18 1994,de,R,
0,Isaiah Canaan\canaais01,SG,6-0,201,May 21 1991,us,3,Murray State University
31,R.J. Hunter\hunterj01,SG,6-5,185,October 24 1993,us,1,Georgia State University

21,Tony Snell\snellto01,SF,6-7,200,November 10 1991,us,3,University of New Mexico
31,John Henson\hensojo01,C,6-11,229,December 28 1990,us,4,University of North Carolina
34,Giannis Antetokounmpo\antetgi01,SG,6-11,222,December 6 1994,gr,3,
12,Jabari Parker\parkeja01,SF,6-8,250,March 15 1995,us,2,Duke University
20,Rashad Vaughn\vaughra01,SG,6-6,202,August 16 1996,us,1,University of Nevada Las Vegas
22,Khris Middleton\middlkh01,SG,6-8,234,August 12 1991,us,4,Texas A&M University
15,Greg Monroe\monrogr01,C,6-11,265,June 4 1990,us,6,Georgetown University
9,Michael Beasley\beaslmi01,SF,6-9,235,January 9 1989,us,8,Kansas State University
35,Mirza Teletovic\teletmi01,PF,6-9,242,September 18 1985,ba,4,
8,Matthew Dellavedova\dellama01,PG,6-4,198,September 8 1990,au,3,Saint Mary's College of California
7,Thon Maker\makerth01,PF,7-1,216,February 25 1997,ss,R,
13,Malcolm Brogdon\brogdma01,SG,6-5,215,December 11 1992,us,R,University of Virginia
18,Miles Plumlee\plumlmi01,C,6-11,249,September 1 1988,us,4,Duke University
3,Jason Terry\terryja01,SG,6-2,185,September 15 1977,us,17,University of Arizona
6,Steve Novak\novakst01,PF,6-10,225,June 13 1983,us,10,Marquette University

5,Kentavious Caldwell-Pope\caldwke01,SG,6-5,205,February 18 1993,us,3,University of Georgia
25,Reggie Bullock\bullore01,SF,6-7,205,March 16 1991,us,3,University of North Carolina
13,Marcus Morris\morrima03,SF,6-9,235,September 2 1989,us,5,University of Kansas
7,Stanley Johnson\johnsst04,SF,6-7,245,May 29 1996,us,1,University of Arizona
12,Aron Baynes\baynear01,C,6-10,260,December 9 1986,nz,4,Washington State University
34,Tobias Harris\harrito02,PF,6-9,235,July 15 1992,us,5,University of Tennessee
1,Reggie Jackson\jacksre01,PG,6-3,208,April 16 1990,it,5,Boston College
6,Darrun Hilliard\hillida01,SG,6-6,205,April 13 1993,us,1,Villanova University
30,Jon Leuer\leuerjo01,PF,6-10,228,May 14 1989,us,5,University of Wisconsin
14,Ish Smith\smithis01,PG,6-0,175,July 5 1988,us,6,Wake Forest University
0,Andre Drummond\drumman01,C,6-11,279,August 10 1993,us,4,University of Connecticut
51,Boban Marjanovic\marjabo01,C,7-3,290,August 15 1988,rs,1,
9,Michael Gbinije\gbinimi01,SG,6-7,200,June 5 1992,us,R,Syracuse University
8,Henry Ellenson\ellenhe01,PF,6-11,245,January 13 1997,us,R,Marquette University
19,Beno Udrih\udrihbe01,PG,6-3,205,July 5 1982,si,12,

0,C.J. Miles\milescj01,SF,6-6,225,April 18 1987,us,11,
13,Paul George\georgpa01,SF,6-9,220,May 2 1990,us,6,California State University Fresno
44,Jeff Teague\teaguje01,PG,6-2,186,June 10 1988,us,7,Wake Forest University
33,Myles Turner\turnemy01,C,6-11,243,March 24 1996,us,1,University of Texas at Austin
21,Thaddeus Young\youngth01,PF,6-8,221,June 21 1988,us,9,Georgia Institute of Technology
11,Monta Ellis\ellismo01,SG,6-3,185,October 26 1985,us,11,
5,Lavoy Allen\allenla01,PF,6-9,260,February 4 1989,us,5,Temple University
2,Rodney Stuckey\stuckro01,PG,6-5,210,April 21 1986,us,9,Eastern Washington University
40,Glenn Robinson III\robingl02,SF,6-6,222,January 8 1994,us,2,University of Michigan
25,Rakeem Christmas\chrisra01,PF,6-9,250,December 1 1991,us,1,Syracuse University
3,Joe Young\youngjo01,PG,6-2,180,June 27 1992,us,1,University of Oregon
7,Al Jefferson\jeffeal01,C,6-10,289,January 4 1985,us,12,
32,Georges Niang\niangge01,PF,6-8,230,June 17 1993,us,R,Iowa State University
00,Aaron Brooks\brookaa01,PG,6-0,161,January 14 1985,us,8,University of Oregon
1,Kevin Seraphin\serapke01,PF,6-9,285,December 7 1989,gf,6,

21,Andre Roberson\roberan03,SF,6-7,210,December 4 1991,us,3,University of Colorado
0,Russell Westbrook\westbru01,PG,6-3,200,November 12 1988,us,8,University of California Los Angeles
4,Nick Collison\collini01,PF,6-10,255,October 26 1980,us,12,University of Kansas
12,Steven Adams\adamsst01,C,7-0,255,July 20 1993,nz,3,University of Pittsburgh
5,Victor Oladipo\oladivi01,SG,6-4,210,May 4 1992,us,3,Indiana University
2,Anthony Morrow\morroan01,SG,6-5,210,September 27 1985,us,8,Georgia Institute of Technology
9,Jerami Grant\grantje01,SF,6-8,210,March 12 1994,us,2,Syracuse University
77,Joffrey Lauvergne\lauvejo01,C,6-11,220,September 30 1991,fr,2,
22,Cameron Payne\payneca01,PG,6-3,185,August 8 1994,us,1,Murray State University
15,Kyle Singler\singlky01,SF,6-8,228,May 4 1988,us,4,Duke University
11,Enes Kanter\kanteen01,C,6-11,245,May 20 1992,ch,5,
34,Josh Huestis\huestjo01,PF,6-7,230,December 19 1991,us,1,Stanford University
8,Alex Abrines\abrinal01,SG,6-6,190,August 1 1993,es,R,
3,Domantas Sabonis\sabondo01,PF,6-11,240,May 3 1996,us,R,Gonzaga University
6,Semaj Christon\chrisse01,PG,6-3,190,November 1 1992,us,R,Xavier University

8,Shelvin Mack\macksh01,PG,6-3,203,April 22 1990,us,5,Butler University
27,Rudy Gobert\goberru01,C,7-1,245,June 26 1992,fr,3,
3,George Hill\hillge01,PG,6-3,188,May 4 1986,us,8,Indiana University-Purdue University Indianapolis
33,Boris Diaw\diawbo01,PF,6-8,250,April 16 1982,fr,13,
15,Derrick Favors\favorde01,PF,6-10,265,July 15 1991,us,6,Georgia Institute of Technology
20,Gordon Hayward\haywago01,SF,6-8,226,March 23 1990,us,6,Butler University
10,Alec Burks\burksal01,SG,6-6,214,July 20 1991,us,5,University of Colorado
11,Dante Exum\exumda01,PG,6-6,190,July 13 1995,au,1,
5,Rodney Hood\hoodro01,SG,6-8,206,October 20 1992,us,2,Duke University
41,Trey Lyles\lylestr01,PF,6-10,234,November 5 1995,ca,1,University of Kentucky
2,Joe Ingles\inglejo01,SF,6-8,226,October 2 1987,au,2,
25,Raul Neto\netora01,PG,6-1,179,May 19 1992,br,1,
24,Jeff Withey\witheje01,C,7-0,231,March 7 1990,us,3,University of Kansas
6,Joe Johnson\johnsjo02,SF,6-7,240,June 29 1981,us,15,University of Arkansas
21,Joel Bolomboy\bolomjo01,PF,6-9,235,January 28 1994,ua,R,Weber State University

24,Mason Plumlee\plumlma01,C,6-11,245,March 5 1990,us,3,Duke University
0,Damian Lillard\lillada01,PG,6-3,195,July 15 1990,us,4,Weber State University
3,C.J. McCollum\mccolcj01,SG,6-4,200,September 19 1991,us,3,Lehigh University
6,Shabazz Napier\napiesh01,PG,6-1,175,July 14 1991,us,2,University of Connecticut
21,Noah Vonleh\vonleno01,PF,6-10,240,August 24 1995,us,2,Indiana University
8,Al-Farouq Aminu\aminual01,SF,6-9,220,September 21 1990,us,6,Wake Forest University
17,Ed Davis\davised01,PF,6-10,240,June 5 1989,us,6,University of North Carolina
5,Pat Connaughton\connapa01,SG,6-5,206,January 6 1993,us,1,University of Notre Dame
1,Evan Turner\turneev01,SG,6-7,220,October 27 1988,us,6,Ohio State University
23,Allen Crabbe\crabbal01,SG,6-6,210,April 9 1992,us,3,University of California
10,Jake Layman\laymaja01,SF,6-9,210,March 7 1994,us,R,University of Maryland
11,Meyers Leonard\leoname01,PF,7-1,245,February 27 1992,us,4,University of Illinois at Urbana-Champaign
31,Festus Ezeli\ezelife01,C,6-11,255,October 21 1989,ng,3,Vanderbilt University
4,Maurice Harkless\harklma01,SF,6-9,215,May 11 1993,us,4,St. John's University
55,Tim Quarterman\quartti01,SG,6-6,195,October 27 1994,us,R,Louisiana State University

8,Danilo Gallinari\gallida01,SF,6-10,225,August 8 1988,it,7,
21,Wilson Chandler\chandwi01,SF,6-8,225,May 10 1987,us,8,DePaul University
35,Kenneth Faried\farieke01,PF,6-8,228,November 19 1989,us,5,Morehead State University
14,Gary Harris\harriga01,SG,6-4,210,September 14 1994,us,2,Michigan State University
23,Jusuf Nurkic\nurkiju01,C,7-0,280,August 23 1994,ba,2,
0,Emmanuel Mudiay\mudiaem01,PG,6-5,200,March 5 1996,cd,1,
1,Jameer Nelson\nelsoja01,PG,6-0,190,February 9 1982,us,12,Saint Joseph's University
15,Nikola Jokic\jokicni01,PF,6-10,250,February 19 1995,rs,1,
5,Will Barton\bartowi01,SG,6-6,175,January 6 1991,us,4,University of Memphis
00,Darrell Arthur\arthuda01,PF,6-9,235,March 25 1988,us,7,University of Kansas
25,Malik Beasley\beaslma01,SG,6-5,196,November 26 1996,us,R,Florida State University
3,Mike Miller\millemi01,SF,6-8,218,February 19 1980,us,16,University of Florida
27,Jamal Murray\murraja01,SG,6-4,207,February 23 1997,ca,R,University of Kentucky
41,Juan Hernangomez\hernaju01,PF,6-9,230,September 28 1995,es,R,
12,Jarnell Stokes\stokeja01,PF,6-9,263,January 7 1994,us,2,University of Tennessee

9,Ricky Rubio\rubiori01,PG,6-4,194,October 21 1990,es,5,
15,Shabazz Muhammad\muhamsh01,SF,6-6,223,November 13 1992,us,3,University of California Los Angeles
5,Gorgui Dieng\dienggo01,PF,6-11,241,January 18 1990,sn,3,University of Louisville
14,Nikola Pekovic\pekovni01,C,6-11,307,January 3 1986,me,6,
22,Andrew Wiggins\wiggian01,SF,6-8,199,February 23 1995,ca,2,University of Kansas
8,Zach LaVine\lavinza01,SG,6-5,189,March 10 1995,us,2,University of California Los Angeles
33,Adreian Payne\paynead01,PF,6-10,237,February 19 1991,us,2,Michigan State University
32,Karl-Anthony Towns\townska01,C,7-0,244,November 15 1995,us,1,University of Kentucky
1,Tyus Jones\jonesty01,PG,6-2,195,May 10 1996,us,1,Duke University
88,Nemanja Bjelica\bjeline01,PF,6-10,240,May 9 1988,rs,1,
45,Cole Aldrich\aldrico01,C,6-11,250,October 31 1988,us,6,University of Kansas
3,Kris Dunn\dunnkr01,PG,6-4,210,March 18 1994,us,R,Providence College
4,Brandon Rush\rushbr01,SG,6-6,220,July 7 1985,us,8,University of Kansas
27,Jordan Hill\hilljo01,C,6-10,235,July 27 1987,us,7,University of Arizona
11,John Lucas III\lucasjo02,PG,5-11,166,November 21 1982,us,7,Oklahoma State University

32,Blake Griffin\griffbl01,PF,6-10,251,March 16 1989,us,6,University of Oklahoma
4,J.J. Redick\redicjj01,SG,6-4,190,June 24 1984,us,10,Duke University
3,Chris Paul\paulch01,PG,6-0,175,May 6 1985,us,11,Wake Forest University
34,Paul Pierce\piercpa01,SF,6-7,235,October 13 1977,us,18,University of Kansas
6,DeAndre Jordan\jordade01,C,6-11,265,July 21 1988,us,8,Texas A&M University
25,Austin Rivers\riverau01,SG,6-4,200,August 1 1992,us,4,Duke University
33,Wesley Johnson\johnswe01,SF,6-7,215,July 11 1987,us,6,Syracuse University
12,Luc Mbah a Moute\mbahalu01,PF,6-8,230,September 9 1986,cm,8,University of California Los Angeles
11,Jamal Crawford\crawfja01,SG,6-5,200,March 20 1980,us,16,University of Michigan
5,Marreese Speights\speigma01,C,6-10,255,August 4 1987,us,8,University of Florida
10,Brice Johnson\johnsbr02,PF,6-10,230,June 27 1994,us,R,University of North Carolina
0,Diamond Stone\stonedi01,C,6-11,255,February 10 1997,us,R,University of Maryland
2,Raymond Felton\feltora01,PG,6-1,205,June 26 1984,us,11,University of North Carolina
30,Brandon Bass\bassbr01,PF,6-8,250,April 30 1985,us,11,Louisiana State University
9,Alan Anderson\anderal01,SF,6-6,220,October 16 1982,us,7,Michigan State University

30,Stephen Curry\curryst01,PG,6-3,190,March 14 1988,us,7,Davidson College
11,Klay Thompson\thompkl01,SG,6-7,215,February 8 1990,us,5,Washington State University
9,Andre Iguodala\iguodan01,SF,6-6,215,January 28 1984,us,12,University of Arizona
34,Shaun Livingston\livinsh01,PG,6-7,192,September 11 1985,us,11,
5,Kevon Looney\looneke01,PF,6-9,220,February 6 1996,us,1,University of California Los Angeles
23,Draymond Green\greendr01,PF,6-7,230,March 4 1990,us,4,Michigan State University
35,Kevin Durant\duranke01,SF,6-9,240,September 29 1988,us,9,University of Texas at Austin
3,David West\westda01,PF,6-9,250,August 29 1980,us,13,Xavier University
0,Patrick McCaw\mccawpa01,SG,6-7,185,October 25 1995,us,R,University of Nevada Las Vegas
27,Zaza Pachulia\pachuza01,C,6-11,270,February 10 1984,ge,13,
15,Damian Jones\jonesda03,F-C,7-0,245,June 30 1995,us,R,Vanderbilt University
18,Anderson Varejao\varejan01,C,6-10,273,September 28 1982,br,12,
20,James Michael McAdoo\mcadoja01,PF,6-9,230,January 4 1993,us,2,University of North Carolina
21,Ian Clark\clarkia01,SG,6-3,175,March 7 1991,us,3,Belmont University
1,JaVale McGee\mcgeeja01,C,7-0,270,January 19 1988,us,8,University of Nevada Reno

5,Jose Calderon\caldejo01,PG,6-3,200,September 28 1981,es,11,
0,Nick Young\youngni01,SG,6-7,210,June 1 1985,us,9,University of Southern California
30,Julius Randle\randlju01,PF,6-9,250,November 29 1994,us,2,University of Kentucky
1,D'Angelo Russell\russeda01,PG,6-5,195,February 23 1996,us,1,Ohio State University
7,Larry Nance Jr.\nancela02,PF,6-9,230,January 1 1993,us,1,University of Wyoming
23,Lou Williams\willilo02,SG,6-1,175,October 27 1986,us,11,
9,Luol Deng\denglu01,SF,6-9,220,April 16 1985,ss,12,Duke University
20,Timofey Mozgov\mozgoti01,C,7-1,275,July 16 1986,ru,6,
40,Ivica Zubac\zubaciv01,C,7-1,265,March 18 1997,ba,R,
6,Jordan Clarkson\clarkjo01,SG,6-5,194,June 7 1992,us,2,University of Missouri
4,Marcelo Huertas\huertma01,PG,6-3,200,May 25 1983,br,1,
28,Tarik Black\blackta01,C,6-9,250,November 22 1991,us,2,University of Kansas
14,Brandon Ingram\ingrabr01,SF,6-9,190,September 2 1997,us,R,Duke University
15,Thomas Robinson\robinth01,PF,6-10,237,March 17 1991,us,4,University of Kansas
37,Metta World Peace\artesro01,SF,6-6,260,November 13 1979,us,16,St. John's University

15,DeMarcus Cousins\couside01,C,6-11,270,August 13 1990,us,6,University of Kentucky
23,Ben McLemore\mclembe01,SG,6-5,195,February 11 1993,us,3,University of Kansas
8,Rudy Gay\gayru01,SF,6-8,230,August 17 1986,us,10,University of Connecticut
7,Darren Collison\collida01,PG,6-0,175,August 23 1987,us,7,University of California Los Angeles
00,Willie Cauley-Stein\caulewi01,C,7-0,240,August 18 1993,us,1,University of Kentucky
18,Omri Casspi\casspom01,SF,6-9,225,June 22 1988,il,7,
41,Kosta Koufos\koufoko01,C,7-0,265,February 24 1989,us,8,Ohio State University
40,Arron Afflalo\afflaar01,SG,6-5,210,October 15 1985,us,9,University of California Los Angeles
17,Garrett Temple\templga01,SG,6-6,195,May 8 1986,us,6,Louisiana State University
43,Anthony Tolliver\tollian01,PF,6-8,240,June 1 1985,us,8,Creighton University
22,Matt Barnes\barnema02,SF,6-7,226,March 9 1980,us,13,University of California Los Angeles
13,Georgios Papagiannis\papagge01,C,7-1,240,July 3 1997,gr,R,
5,Malachi Richardson\richama01,SG,6-6,205,January 5 1996,us,R,Syracuse University
3,Skal Labissiere\labissk01,PF,6-11,225,March 18 1996,ht,R,University of Kentucky
10,Ty Lawson\lawsoty01,PG,5-11,195,November 3 1987,us,7,University of North Carolina

2,Eric Bledsoe\bledser01,PG,6-1,190,December 9 1989,us,6,University of Kentucky
17,P.J. Tucker\tuckepj01,SF,6-6,245,May 5 1985,us,5,University of Texas at Austin
21,Alex Len\lenal01,C,7-1,260,June 16 1993,ua,3,University of Maryland
12,T.J. Warren\warretj01,SF,6-8,230,September 5 1993,us,2,North Carolina State University
1,Devin Booker\bookede01,SG,6-6,206,October 30 1996,us,1,University of Kentucky
4,Tyson Chandler\chandty01,C,7-1,240,October 2 1982,us,15,
11,Brandon Knight\knighbr03,SG,6-3,189,December 2 1991,us,5,University of Kentucky
23,John Jenkins\jenkijo01,SG,6-4,215,March 6 1991,us,4,Vanderbilt University
15,Alan Williams\willial03,PF,6-8,260,January 28 1993,us,1,University of California Santa Barbara
3,Jared Dudley\dudleja01,PF,6-7,225,July 10 1985,us,9,Boston College
35,Dragan Bender\bendedr01,PF,7-1,225,November 17 1997,ba,R,
19,Leandro Barbosa\barbole01,SG,6-3,194,November 28 1982,br,13,
0,Marquese Chriss\chrisma01,PF,6-10,233,July 2 1997,us,R,University of Washington
8,Tyler Ulis\ulisty01,PG,5-10,150,January 5 1996,us,R,University of Kentucky
10,Derrick Jones\jonesde02,SF,6-7,190,February 15 1997,us,R,University of Nevada Las Vegas

9,Tony Parker\parketo01,PG,6-2,185,May 17 1982,be,15,
8,Patty Mills\millspa02,PG,6-0,185,August 11 1988,au,7,Saint Mary's College of California
1,Kyle Anderson\anderky01,SG,6-9,230,September 20 1993,us,2,University of California Los Angeles
2,Kawhi Leonard\leonaka01,SF,6-7,230,June 29 1991,us,5,San Diego State University
14,Danny Green\greenda02,SG,6-6,215,June 22 1987,us,7,University of North Carolina
12,LaMarcus Aldridge\aldrila01,PF,6-11,260,July 19 1985,us,10,University of Texas at Austin
17,Jonathon Simmons\simmojo02,SG,6-6,195,September 14 1989,us,1,University of Houston
16,Pau Gasol\gasolpa01,C,7-0,250,July 6 1980,es,15,
20,Manu Ginobili\ginobma01,SG,6-6,205,July 28 1977,ar,14,
3,Dewayne Dedmon\dedmode01,C,7-0,245,August 12 1989,us,3,University of Southern California
5,Dejounte Murray\murrade01,PG,6-5,170,September 19 1996,us,R,University of Washington
11,Bryn Forbes\forbebr01,SG,6-3,190,July 23 1993,us,R,Michigan State University
42,Davis Bertans\bertada01,PF,6-10,210,November 12 1992,lv,R,
10,David Lee\leeda02,PF,6-9,245,April 29 1983,us,11,University of Florida
27,Nicolas Laprovittola\laproni01,PG,6-4,180,January 31 1990,ar,R,

13,James Harden\hardeja01,PG,6-5,220,August 26 1989,us,7,Arizona State University
1,Trevor Ariza\arizatr01,SF,6-8,215,June 30 1985,us,12,University of California Los Angeles
6,Tyler Ennis\ennisty01,PG,6-3,194,August 24 1994,ca,2,Syracuse University
15,Clint Capela\capelca01,C,6-10,240,May 18 1994,ch,2,
7,Sam Dekker\dekkesa01,SF,6-9,230,May 6 1994,us,1,University of Wisconsin
2,Patrick Beverley\beverpa01,SG,6-1,185,July 12 1988,us,4,University of Arkansas
33,Corey Brewer\breweco01,SF,6-9,186,March 5 1986,us,9,University of Florida
32,K.J. McDaniels\mcdankj01,SF,6-6,205,February 9 1993,us,2,Clemson University
5,Montrezl Harrell\harremo01,PF,6-8,240,January 26 1994,us,1,University of Louisville
3,Ryan Anderson\anderry01,PF,6-10,240,May 6 1988,us,8,University of California
10,Eric Gordon\gordoer01,SG,6-4,215,December 25 1988,us,8,Indiana University
42,Nene\hilarne01,C,6-11,250,September 13 1982,br,14,
21,Chinanu Onuaku\onuakch01,F-C,6-10,245,November 1 1996,us,R,University of Louisville
8,Bobby Brown\brownbo02,PG,6-2,175,September 24 1984,us,2,California State University Fullerton
30,Kyle Wiltjer\wiltjky01,PF,6-10,240,October 20 1992,us,R,Gonzaga University


15,Vince Carter\cartevi01,SG,6-6,220,January 26 1977,us,18,University of North Carolina
50,Zach Randolph\randoza01,PF,6-9,260,July 16 1981,us,15,Michigan State University
33,Marc Gasol\gasolma01,C,7-1,255,January 29 1985,es,8,
9,Tony Allen\allento01,SG,6-4,213,January 11 1982,us,12,Oklahoma State University
0,JaMychal Green\greenja01,PF,6-9,227,June 21 1990,us,2,University of Alabama
1,Jarell Martin\martija01,PF,6-10,239,May 24 1994,us,1,Louisiana State University
34,Brandan Wright\wrighbr03,PF,6-10,210,October 5 1987,us,8,University of North Carolina
25,Chandler Parsons\parsoch01,SF,6-10,230,October 25 1988,us,5,University of Florida
5,Andrew Harrison\harrian01,SG,6-6,213,October 28 1994,us,R,University of Kentucky
11,Mike Conley\conlemi01,PG,6-1,175,October 11 1987,us,9,Ohio State University
30,Troy Daniels\danietr01,SG,6-4,205,July 15 1991,us,3,Virginia Commonwealth University
8,James Ennis\ennisja01,SF,6-7,210,July 1 1990,us,2,California State University Long Beach
4,Wade Baldwin\baldwwa01,PG,6-4,202,March 29 1996,us,R,Vanderbilt University
23,Deyonta Davis\davisde01,C,6-11,237,December 2 1996,us,R,Michigan State University
10,Troy Williams\willitr02,SF,6-7,218,December 30 1994,us,R,Indiana University


20,Quincy Pondexter\pondequ01,G-F,6-7,220,March 10 1988,us,5,University of Washington
23,Anthony Davis\davisan02,PF,6-10,253,March 11 1993,us,4,University of Kentucky
11,Jrue Holiday\holidjr01,PG,6-4,205,June 12 1990,us,7,University of California Los Angeles
1,Tyreke Evans\evansty01,SG,6-6,220,September 19 1989,us,7,University of Memphis
42,Alexis Ajinca\ajincal01,C,7-2,248,May 6 1988,fr,6,
3,Omer Asik\asikom01,C,7-0,255,July 4 1986,tr,6,
33,Dante Cunningham\cunnida01,SF,6-8,230,April 22 1987,us,7,Villanova University
55,E'Twaun Moore\mooreet01,SG,6-4,191,February 28 1989,us,5,Purdue University
10,Langston Galloway\gallola01,PG,6-2,200,December 9 1991,us,2,Saint Joseph's University
24,Buddy Hield\hieldbu01,SG,6-4,214,December 17 1993,bs,R,University of Oklahoma
2,Tim Frazier\fraziti01,PG,6-1,170,November 1 1990,us,2,Pennsylvania State University
9,Terrence Jones\joneste01,PF,6-9,252,January 9 1992,us,4,University of Kentucky
13,Cheick Diallo\diallch01,PF,6-9,220,September 13 1996,ml,R,University of Kansas
44,Solomon Hill\hillso01,SF,6-7,225,March 18 1991,us,3,University of Arizona
21,Anthony Brown\brownan02,SF,6-7,210,October 10 1992,us,1,Stanford University


6,Andrew Bogut\bogutan01,C,7-0,260,November 28 1984,au,11,University of Utah
34,Devin Harris\harride01,PG,6-3,192,February 27 1983,us,12,University of Wisconsin
1,Justin Anderson\anderju01,SF,6-6,228,November 19 1993,us,1,University of Virginia
23,Wesley Matthews\matthwe02,SG,6-5,220,October 14 1986,us,7,Marquette University
5,J.J. Barea\bareajo01,PG,6-0,185,June 26 1984,pr,10,Northeastern University
50,Salah Mejri\mejrisa01,C,7-1,245,June 15 1986,tn,1,
40,Harrison Barnes\barneha02,SF,6-8,210,May 30 1992,us,4,University of North Carolina
8,Deron Williams\willide01,PG,6-3,200,June 26 1984,us,11,University of Illinois at Urbana-Champaign
7,Dwight Powell\poweldw01,C,6-11,240,July 20 1991,ca,2,Stanford University
20,A.J. Hammons\hammoaj01,C,7-0,260,August 27 1992,us,R,Purdue University
10,Dorian Finney-Smith\finnedo01,PF,6-8,220,May 4 1993,us,R,University of Florida
9,Nicolas Brussino\brussni01,SF,6-7,195,March 2 1993,ar,R,
41,Dirk Nowitzki\nowitdi01,PF,7-0,245,June 19 1978,de,18,
30,Seth Curry\curryse01,PG,6-2,185,August 23 1990,us,3,Duke University
3,Jonathan Gibson\gibsojo01,PG,6-2,185,November 8 1987,us,R,New Mexico State University


Provided by <a href="http://www.sports-reference.com/sharing.html?utm_source=direct&utm_medium=Share&utm_campaign=ShareTool">Basketball-Reference.com</a>: <a href="http://www.basketball-reference.com/teams/DAL/2017.html?sr&utm_source=direct&utm_medium=Share&utm_campaign=ShareTool#roster">View Original Table</a><br>Generated 12/4/2016.

Provided by <a href="http://www.sports-reference.com/sharing.html?utm_source=direct&utm_medium=Share&utm_campaign=ShareTool">Basketball-Reference.com</a>: <a href="http://www.basketball-reference.com/teams/NOP/2017.html?sr&utm_source=direct&utm_medium=Share&utm_campaign=ShareTool#roster">View Original Table</a><br>Generated 12/4/2016.

Provided by <a href="http://www.sports-reference.com/sharing.html?utm_source=direct&utm_medium=Share&utm_campaign=ShareTool">Basketball-Reference.com</a>: <a href="http://www.basketball-reference.com/teams/MEM/2017.html?sr&utm_source=direct&utm_medium=Share&utm_campaign=ShareTool#roster">View Original Table</a><br>Generated 12/4/2016.

Provided by <a href="http://www.sports-reference.com/sharing.html?utm_source=direct&utm_medium=Share&utm_campaign=ShareTool">Basketball-Reference.com</a>: <a href="http://www.basketball-reference.com/teams/HOU/2017.html?sr&utm_source=direct&utm_medium=Share&utm_campaign=ShareTool#roster">View Original Table</a><br>Generated 12/4/2016.

Provided by <a href="http://www.sports-reference.com/sharing.html?utm_source=direct&utm_medium=Share&utm_campaign=ShareTool">Basketball-Reference.com</a>: <a href="http://www.basketball-reference.com/teams/SAS/2017.html?sr&utm_source=direct&utm_medium=Share&utm_campaign=ShareTool#roster">View Original Table</a><br>Generated 12/4/2016.

Provided by <a href="http://www.sports-reference.com/sharing.html?utm_source=direct&utm_medium=Share&utm_campaign=ShareTool">Basketball-Reference.com</a>: <a href="http://www.basketball-reference.com/teams/PHO/2017.html?sr&utm_source=direct&utm_medium=Share&utm_campaign=ShareTool#roster">View Original Table</a><br>Generated 12/4/2016.

Provided by <a href="http://www.sports-reference.com/sharing.html?utm_source=direct&utm_medium=Share&utm_campaign=ShareTool">Basketball-Reference.com</a>: <a href="http://www.basketball-reference.com/teams/SAC/2017.html?sr&utm_source=direct&utm_medium=Share&utm_campaign=ShareTool#roster">View Original Table</a><br>Generated 12/4/2016.

Provided by <a href="http://www.sports-reference.com/sharing.html?utm_source=direct&utm_medium=Share&utm_campaign=ShareTool">Basketball-Reference.com</a>: <a href="http://www.basketball-reference.com/teams/LAL/2017.html?sr&utm_source=direct&utm_medium=Share&utm_campaign=ShareTool#roster">View Original Table</a><br>Generated 12/4/2016.

Provided by <a href="http://www.sports-reference.com/sharing.html?utm_source=direct&utm_medium=Share&utm_campaign=ShareTool">Basketball-Reference.com</a>: <a href="http://www.basketball-reference.com/teams/GSW/2017.html?sr&utm_source=direct&utm_medium=Share&utm_campaign=ShareTool#roster">View Original Table</a><br>Generated 12/4/2016.

Provided by <a href="http://www.sports-reference.com/sharing.html?utm_source=direct&utm_medium=Share&utm_campaign=ShareTool">Basketball-Reference.com</a>: <a href="http://www.basketball-reference.com/teams/LAC/2017.html?sr&utm_source=direct&utm_medium=Share&utm_campaign=ShareTool#roster">View Original Table</a><br>Generated 12/4/2016.

Provided by <a href="http://www.sports-reference.com/sharing.html?utm_source=direct&utm_medium=Share&utm_campaign=ShareTool">Basketball-Reference.com</a>: <a href="http://www.basketball-reference.com/teams/MIN/2017.html?sr&utm_source=direct&utm_medium=Share&utm_campaign=ShareTool#roster">View Original Table</a><br>Generated 12/4/2016.

Provided by <a href="http://www.sports-reference.com/sharing.html?utm_source=direct&utm_medium=Share&utm_campaign=ShareTool">Basketball-Reference.com</a>: <a href="http://www.basketball-reference.com/teams/DEN/2017.html?sr&utm_source=direct&utm_medium=Share&utm_campaign=ShareTool#roster">View Original Table</a><br>Generated 12/4/2016.

Provided by <a href="http://www.sports-reference.com/sharing.html?utm_source=direct&utm_medium=Share&utm_campaign=ShareTool">Basketball-Reference.com</a>: <a href="http://www.basketball-reference.com/teams/POR/2017.html?sr&utm_source=direct&utm_medium=Share&utm_campaign=ShareTool#roster">View Original Table</a><br>Generated 12/4/2016.

Provided by <a href="http://www.sports-reference.com/sharing.html?utm_source=direct&utm_medium=Share&utm_campaign=ShareTool">Basketball-Reference.com</a>: <a href="http://www.basketball-reference.com/teams/UTA/2017.html?sr&utm_source=direct&utm_medium=Share&utm_campaign=ShareTool#roster">View Original Table</a><br>Generated 12/4/2016.

Provided by <a href="http://www.sports-reference.com/sharing.html?utm_source=direct&utm_medium=Share&utm_campaign=ShareTool">Basketball-Reference.com</a>: <a href="http://www.basketball-reference.com/teams/OKC/2017.html?sr&utm_source=direct&utm_medium=Share&utm_campaign=ShareTool#roster">View Original Table</a><br>Generated 12/4/2016.

Provided by <a href="http://www.sports-reference.com/sharing.html?utm_source=direct&utm_medium=Share&utm_campaign=ShareTool">Basketball-Reference.com</a>: <a href="http://www.basketball-reference.com/teams/IND/2017.html?sr&utm_source=direct&utm_medium=Share&utm_campaign=ShareTool#roster">View Original Table</a><br>Generated 12/4/2016.

Provided by <a href="http://www.sports-reference.com/sharing.html?utm_source=direct&utm_medium=Share&utm_campaign=ShareTool">Basketball-Reference.com</a>: <a href="http://www.basketball-reference.com/teams/DET/2017.html?sr&utm_source=direct&utm_medium=Share&utm_campaign=ShareTool#roster">View Original Table</a><br>Generated 12/4/2016.

Provided by <a href="http://www.sports-reference.com/sharing.html?utm_source=direct&utm_medium=Share&utm_campaign=ShareTool">Basketball-Reference.com</a>: <a href="http://www.basketball-reference.com/teams/MIL/2017.html?sr&utm_source=direct&utm_medium=Share&utm_campaign=ShareTool#roster">View Original Table</a><br>Generated 12/4/2016.

Provided by <a href="http://www.sports-reference.com/sharing.html?utm_source=direct&utm_medium=Share&utm_campaign=ShareTool">Basketball-Reference.com</a>: <a href="http://www.basketball-reference.com/teams/CHI/2017.html?sr&utm_source=direct&utm_medium=Share&utm_campaign=ShareTool#roster">View Original Table</a><br>Generated 12/4/2016.

Provided by <a href="http://www.sports-reference.com/sharing.html?utm_source=direct&utm_medium=Share&utm_campaign=ShareTool">Basketball-Reference.com</a>: <a href="http://www.basketball-reference.com/teams/CLE/2017.html?sr&utm_source=direct&utm_medium=Share&utm_campaign=ShareTool#roster">View Original Table</a><br>Generated 12/4/2016.

Provided by <a href="http://www.sports-reference.com/sharing.html?utm_source=direct&utm_medium=Share&utm_campaign=ShareTool">Basketball-Reference.com</a>: <a href="http://www.basketball-reference.com/teams/PHI/2017.html?sr&utm_source=direct&utm_medium=Share&utm_campaign=ShareTool#roster">View Original Table</a><br>Generated 12/4/2016.

Provided by <a href="http://www.sports-reference.com/sharing.html?utm_source=direct&utm_medium=Share&utm_campaign=ShareTool">Basketball-Reference.com</a>: <a href="http://www.basketball-reference.com/teams/BRK/2017.html?sr&utm_source=direct&utm_medium=Share&utm_campaign=ShareTool#roster">View Original Table</a><br>Generated 12/4/2016.

Provided by <a href="http://www.sports-reference.com/sharing.html?utm_source=direct&utm_medium=Share&utm_campaign=ShareTool">Basketball-Reference.com</a>: <a href="http://www.basketball-reference.com/teams/NYK/2017.html?sr&utm_source=direct&utm_medium=Share&utm_campaign=ShareTool#roster">View Original Table</a><br>Generated 12/4/2016.

Provided by <a href="http://www.sports-reference.com/sharing.html?utm_source=direct&utm_medium=Share&utm_campaign=ShareTool">Basketball-Reference.com</a>: <a href="http://www.basketball-reference.com/teams/BOS/2017.html?sr&utm_source=direct&utm_medium=Share&utm_campaign=ShareTool#roster">View Original Table</a><br>Generated 12/4/2016.

Provided by <a href="http://www.sports-reference.com/sharing.html?utm_source=direct&utm_medium=Share&utm_campaign=ShareTool">Basketball-Reference.com</a>: <a href="http://www.basketball-reference.com/teams/TOR/2017.html?sr&utm_source=direct&utm_medium=Share&utm_campaign=ShareTool#roster">View Original Table</a><br>Generated 12/4/2016.

Provided by <a href="http://www.sports-reference.com/sharing.html?utm_source=direct&utm_medium=Share&utm_campaign=ShareTool">Basketball-Reference.com</a>: <a href="http://www.basketball-reference.com/teams/WAS/2017.html?sr&utm_source=direct&utm_medium=Share&utm_campaign=ShareTool#roster">View Original Table</a><br>Generated 12/4/2016.

Provided by <a href="http://www.sports-reference.com/sharing.html?utm_source=direct&utm_medium=Share&utm_campaign=ShareTool">Basketball-Reference.com</a>: <a href="http://www.basketball-reference.com/teams/MIA/2017.html?sr&utm_source=direct&utm_medium=Share&utm_campaign=ShareTool#roster">View Original Table</a><br>Generated 12/4/2016.

Provided by <a href="http://www.sports-reference.com/sharing.html?utm_source=direct&utm_medium=Share&utm_campaign=ShareTool">Basketball-Reference.com</a>: <a href="http://www.basketball-reference.com/teams/ORL/2017.html?sr&utm_source=direct&utm_medium=Share&utm_campaign=ShareTool#roster">View Original Table</a><br>Generated 12/4/2016.

Provided by <a href="http://www.sports-reference.com/sharing.html?utm_source=direct&utm_medium=Share&utm_campaign=ShareTool">Basketball-Reference.com</a>: <a href="http://www.basketball-reference.com/teams/CHO/2017.html?sr&utm_source=direct&utm_medium=Share&utm_campaign=ShareTool#roster">View Original Table</a><br>Generated 12/4/2016.

Provided by <a href="http://www.sports-reference.com/sharing.html?utm_source=direct&utm_medium=Share&utm_campaign=ShareTool">Basketball-Reference.com</a>: <a href="http://www.basketball-reference.com/teams/ATL/2017.html?sr&utm_source=direct&utm_medium=Share&utm_campaign=ShareTool#roster">View Original Table</a><br>Generated 12/4/2016.
